REGION,EMPRESA,CONTRACTS
AMAZONAS,10167681978,1
AMAZONAS,20136318323,1
AMAZONAS,20148020966,1
AMAZONAS,20270971891,2
AMAZONAS,20450119254,2
AMAZONAS,20450157008,1
AMAZONAS,20450186440,1
AMAZONAS,20450278051,1
AMAZONAS,20450326713,6
AMAZONAS,20453649840,1
AMAZONAS,20477530665,1
AMAZONAS,20479683728,2
AMAZONAS,20479764728,5
AMAZONAS,20479790303,3
AMAZONAS,20479840688,1
AMAZONAS,20480009755,1
AMAZONAS,20480052090,2
AMAZONAS,20480134142,1
AMAZONAS,20480188404,1
AMAZONAS,20480214928,1
AMAZONAS,20480391200,1
AMAZONAS,20480427913,4
AMAZONAS,20480590661,1
AMAZONAS,20480774397,1
AMAZONAS,20480791305,2
AMAZONAS,20480811934,1
AMAZONAS,20480836252,6
AMAZONAS,20487419754,1
AMAZONAS,20487499685,5
AMAZONAS,20487592545,1
AMAZONAS,20487611191,1
AMAZONAS,20487818535,1
AMAZONAS,20487909336,1
AMAZONAS,20487980634,1
AMAZONAS,20488057287,2
AMAZONAS,20493987195,1
AMAZONAS,20494079713,2
AMAZONAS,20495136231,1
AMAZONAS,20495973981,1
AMAZONAS,20523790324,1
AMAZONAS,20528217461,1
AMAZONAS,20534166240,1
AMAZONAS,20539013441,2
AMAZONAS,20539016629,1
AMAZONAS,20539183878,1
AMAZONAS,20539201281,3
AMAZONAS,20539273605,2
AMAZONAS,20542271834,1
AMAZONAS,20542312450,1
AMAZONAS,20552390025,1
AMAZONAS,20561152005,4
AMAZONAS,20563373009,1
AMAZONAS,20570757831,1
AMAZONAS,20570818644,2
AMAZONAS,20572141986,1
AMAZONAS,20600147600,1
AMAZONAS,20600162412,1
AMAZONAS,20600504500,2
AMAZONAS,20600542525,2
AMAZONAS,20600798937,1
AMAZONAS,20600924169,2
AMAZONAS,20601649161,1
AMAZONAS,20601832811,1
AMAZONAS,20602272304,1
AMAZONAS,20602371442,2
AMAZONAS,20602570534,1
AMAZONAS,20602698409,1
AMAZONAS,20602979173,2
AMAZONAS,20603512040,1
AMAZONAS,20604115923,2
AMAZONAS,20604434972,1
AMAZONAS,20604451648,1
AMAZONAS,20604775010,1
AMAZONAS,20605899227,1
AMAZONAS,20608056026,1
AMAZONAS,20608518763,1
AMAZONAS,99000027401,1
ANCASH,10166241141,1
ANCASH,10214140042,3
ANCASH,10273601398,1
ANCASH,20101031854,1
ANCASH,20107211480,1
ANCASH,20126533447,1
ANCASH,20136318323,1
ANCASH,20144691173,1
ANCASH,20172889540,1
ANCASH,20227233321,1
ANCASH,20260236611,5
ANCASH,20266458089,1
ANCASH,20274419637,1
ANCASH,20319536699,1
ANCASH,20323041092,6
ANCASH,20339480932,3
ANCASH,20407011920,1
ANCASH,20407769407,1
ANCASH,20407811705,1
ANCASH,20407851677,1
ANCASH,20407863250,6
ANCASH,20407871279,1
ANCASH,20407893248,1
ANCASH,20407909268,1
ANCASH,20407978588,1
ANCASH,20407987650,1
ANCASH,20408010498,2
ANCASH,20408018804,8
ANCASH,20408061726,1
ANCASH,20408114943,1
ANCASH,20408130396,1
ANCASH,20408135517,1
ANCASH,20440352431,1
ANCASH,20445292541,2
ANCASH,20445328597,1
ANCASH,20445464261,1
ANCASH,20445549411,1
ANCASH,20445558592,2
ANCASH,20445572668,1
ANCASH,20445575411,4
ANCASH,20445582973,2
ANCASH,20445585051,1
ANCASH,20445629015,2
ANCASH,20445653234,1
ANCASH,20445667618,1
ANCASH,20445676790,1
ANCASH,20445685438,1
ANCASH,20445695310,1
ANCASH,20445700178,1
ANCASH,20445710211,1
ANCASH,20449294492,1
ANCASH,20450157008,1
ANCASH,20453649840,2
ANCASH,20461192077,3
ANCASH,20477160710,5
ANCASH,20477886095,1
ANCASH,20478157976,1
ANCASH,20480139705,1
ANCASH,20480479557,1
ANCASH,20481520585,1
ANCASH,20481605491,1
ANCASH,20481871027,1
ANCASH,20483795590,1
ANCASH,20486290910,3
ANCASH,20486397714,1
ANCASH,20486419971,2
ANCASH,20486554160,1
ANCASH,20486960401,1
ANCASH,20487110141,2
ANCASH,20488252578,2
ANCASH,20488351398,5
ANCASH,20488415973,1
ANCASH,20489371791,1
ANCASH,20489466741,1
ANCASH,20489528283,1
ANCASH,20489532981,1
ANCASH,20489536979,1
ANCASH,20489557976,1
ANCASH,20489585325,1
ANCASH,20494299161,1
ANCASH,20494713609,2
ANCASH,20495675611,4
ANCASH,20504220461,1
ANCASH,20505621159,1
ANCASH,20506003351,1
ANCASH,20507991662,1
ANCASH,20514413542,1
ANCASH,20516256096,1
ANCASH,20516419572,1
ANCASH,20517623394,1
ANCASH,20523814363,1
ANCASH,20528901361,1
ANCASH,20529066521,1
ANCASH,20529104988,1
ANCASH,20529202998,1
ANCASH,20529359625,1
ANCASH,20530585078,1
ANCASH,20530592520,11
ANCASH,20530706398,4
ANCASH,20530813127,1
ANCASH,20530835104,1
ANCASH,20530862764,2
ANCASH,20530933882,3
ANCASH,20530954022,1
ANCASH,20530990681,6
ANCASH,20531000316,1
ANCASH,20531055722,1
ANCASH,20531064047,1
ANCASH,20531065019,4
ANCASH,20531084072,4
ANCASH,20531089627,1
ANCASH,20531092504,1
ANCASH,20531608756,1
ANCASH,20531737645,1
ANCASH,20531750749,1
ANCASH,20531754736,1
ANCASH,20531820542,2
ANCASH,20531884435,1
ANCASH,20531891725,1
ANCASH,20531897413,2
ANCASH,20531927851,1
ANCASH,20532002819,2
ANCASH,20532033293,1
ANCASH,20532056315,3
ANCASH,20533086510,1
ANCASH,20533621768,1
ANCASH,20533631305,2
ANCASH,20533651918,1
ANCASH,20533652213,1
ANCASH,20533675183,1
ANCASH,20533693327,1
ANCASH,20533729615,2
ANCASH,20533744509,2
ANCASH,20533751386,2
ANCASH,20533778233,1
ANCASH,20533786333,1
ANCASH,20533788891,3
ANCASH,20533923004,1
ANCASH,20533946471,1
ANCASH,20533974415,3
ANCASH,20534010151,1
ANCASH,20534013508,1
ANCASH,20534013923,5
ANCASH,20534016949,3
ANCASH,20534022914,1
ANCASH,20534027126,2
ANCASH,20534040068,1
ANCASH,20534098732,1
ANCASH,20534121734,1
ANCASH,20534142227,1
ANCASH,20534145757,1
ANCASH,20534157500,2
ANCASH,20534158069,5
ANCASH,20534165278,1
ANCASH,20534166240,3
ANCASH,20534171910,1
ANCASH,20534197986,1
ANCASH,20534489685,4
ANCASH,20534976322,1
ANCASH,20536147871,1
ANCASH,20536351303,1
ANCASH,20539979885,1
ANCASH,20541445553,1
ANCASH,20541616382,2
ANCASH,20541666487,1
ANCASH,20541674820,1
ANCASH,20541706454,3
ANCASH,20541769537,1
ANCASH,20541776584,1
ANCASH,20542022290,1
ANCASH,20542030802,1
ANCASH,20542040786,1
ANCASH,20542044340,1
ANCASH,20542049228,8
ANCASH,20542072637,1
ANCASH,20542073013,1
ANCASH,20542083167,1
ANCASH,20542083329,2
ANCASH,20542132982,2
ANCASH,20542141116,1
ANCASH,20542166020,2
ANCASH,20542169550,1
ANCASH,20542181924,3
ANCASH,20542191059,7
ANCASH,20542438984,2
ANCASH,20542531097,1
ANCASH,20544063392,1
ANCASH,20544771478,3
ANCASH,20544798911,2
ANCASH,20545337305,1
ANCASH,20545404851,1
ANCASH,20545512662,1
ANCASH,20548656606,1
ANCASH,20549010114,1
ANCASH,20549761608,2
ANCASH,20553453845,1
ANCASH,20559538052,1
ANCASH,20568223307,1
ANCASH,20569181756,9
ANCASH,20569209782,1
ANCASH,20569325260,1
ANCASH,20571131464,3
ANCASH,20571135885,5
ANCASH,20571153867,3
ANCASH,20571160995,1
ANCASH,20571184151,3
ANCASH,20571238269,1
ANCASH,20571250552,2
ANCASH,20571263298,1
ANCASH,20571273501,3
ANCASH,20571288363,1
ANCASH,20571309891,4
ANCASH,20571357438,1
ANCASH,20571395283,8
ANCASH,20571395364,10
ANCASH,20571420067,3
ANCASH,20573264097,1
ANCASH,20600044207,1
ANCASH,20600095936,2
ANCASH,20600140893,1
ANCASH,20600180771,1
ANCASH,20600194420,1
ANCASH,20600253027,1
ANCASH,20600285956,1
ANCASH,20600309481,1
ANCASH,20600392892,1
ANCASH,20600403207,2
ANCASH,20600454693,1
ANCASH,20600459211,1
ANCASH,20600471962,1
ANCASH,20600683650,4
ANCASH,20600697162,1
ANCASH,20600770226,2
ANCASH,20600805348,1
ANCASH,20601050987,1
ANCASH,20601052980,1
ANCASH,20601080843,1
ANCASH,20601175411,1
ANCASH,20601293618,1
ANCASH,20601485088,3
ANCASH,20601568561,3
ANCASH,20601649161,1
ANCASH,20601994322,1
ANCASH,20602002285,1
ANCASH,20602214959,1
ANCASH,20602406939,1
ANCASH,20602541216,1
ANCASH,20602578501,1
ANCASH,20602691528,1
ANCASH,20602794769,1
ANCASH,20602797016,1
ANCASH,20602820697,1
ANCASH,20603063326,1
ANCASH,20603092440,1
ANCASH,20603096763,1
ANCASH,20603321309,2
ANCASH,20603354185,2
ANCASH,20603373945,1
ANCASH,20603403569,1
ANCASH,20603432224,1
ANCASH,20603757387,1
ANCASH,20603967055,1
ANCASH,20604091382,1
ANCASH,20604129240,1
ANCASH,20604155828,1
ANCASH,20604232610,1
ANCASH,20604332886,1
ANCASH,20604803595,1
ANCASH,20604920818,1
ANCASH,20605106910,1
ANCASH,20605233083,2
ANCASH,20605308423,2
ANCASH,20605408631,1
ANCASH,20605432477,1
ANCASH,20605871420,1
ANCASH,20605992146,1
ANCASH,20606854081,1
ANCASH,20607764621,1
ANCASH,20607925136,1
ANCASH,20607977454,1
ANCASH,20608456857,1
ANCASH,20608495267,2
ANCASH,20608582801,1
ANCASH,20608705334,1
ANCASH,20609991969,1
APURIMAC,10238862570,1
APURIMAC,20396681651,1
APURIMAC,20494740673,1
APURIMAC,20495675611,1
APURIMAC,20527267511,1
APURIMAC,20527479704,2
APURIMAC,20527760071,1
APURIMAC,20527814261,1
APURIMAC,20535757811,1
APURIMAC,20564340384,1
APURIMAC,20600223837,1
AREQUIPA,20101884407,1
AREQUIPA,20134676508,1
AREQUIPA,20191808241,1
AREQUIPA,20261295246,2
AREQUIPA,20264545812,1
AREQUIPA,20300690999,1
AREQUIPA,20344483702,1
AREQUIPA,20371131664,1
AREQUIPA,20393438941,1
AREQUIPA,20434839867,1
AREQUIPA,20447654203,3
AREQUIPA,20447714036,1
AREQUIPA,20447760143,1
AREQUIPA,20447781655,2
AREQUIPA,20447909716,1
AREQUIPA,20447909805,1
AREQUIPA,20450519783,1
AREQUIPA,20454785992,2
AREQUIPA,20455394741,1
AREQUIPA,20455430489,1
AREQUIPA,20455703558,3
AREQUIPA,20456315918,1
AREQUIPA,20456317376,5
AREQUIPA,20456323007,2
AREQUIPA,20485839462,1
AREQUIPA,20489517320,2
AREQUIPA,20511866481,1
AREQUIPA,20512419837,1
AREQUIPA,20527026238,1
AREQUIPA,20533979727,3
AREQUIPA,20534029927,1
AREQUIPA,20534297930,1
AREQUIPA,20545512662,1
AREQUIPA,20547097069,1
AREQUIPA,20548123888,1
AREQUIPA,20548865604,1
AREQUIPA,20551773923,1
AREQUIPA,20563373009,1
AREQUIPA,20571505488,1
AREQUIPA,20574662517,1
AREQUIPA,20600044622,2
AREQUIPA,20600178271,1
AREQUIPA,20600408888,1
AREQUIPA,20600678605,1
AREQUIPA,20600731611,1
AREQUIPA,20600929438,1
AREQUIPA,20601116082,1
AREQUIPA,20604675198,2
AREQUIPA,99000027401,2
AREQUIPA,99000028327,1
AYACUCHO,20102008066,1
AYACUCHO,20144691173,1
AYACUCHO,20218090550,1
AYACUCHO,20407412592,1
AYACUCHO,20476423539,1
AYACUCHO,20486404273,2
AYACUCHO,20486792001,1
AYACUCHO,20489517320,1
AYACUCHO,20489536979,1
AYACUCHO,20494226287,1
AYACUCHO,20494336112,1
AYACUCHO,20494397090,1
AYACUCHO,20494485118,1
AYACUCHO,20494637074,1
AYACUCHO,20494740673,1
AYACUCHO,20494947774,1
AYACUCHO,20517562158,1
AYACUCHO,20517623394,1
AYACUCHO,20527026238,1
AYACUCHO,20528917951,1
AYACUCHO,20534576146,1
AYACUCHO,20534604701,1
AYACUCHO,20534714981,1
AYACUCHO,20557209752,2
AYACUCHO,20574605980,1
AYACUCHO,20574750301,1
AYACUCHO,20600239598,1
AYACUCHO,20601143021,1
AYACUCHO,20604032246,1
CAJAMARCA,20355337619,1
CAJAMARCA,20439586665,1
CAJAMARCA,20453627951,1
CAJAMARCA,20453649840,2
CAJAMARCA,20481813841,1
CAJAMARCA,20495656234,1
CAJAMARCA,20495751229,1
CAJAMARCA,20495865747,3
CAJAMARCA,20495999352,2
CAJAMARCA,20496014686,2
CAJAMARCA,20496021038,2
CAJAMARCA,20496159811,4
CAJAMARCA,20529467606,2
CAJAMARCA,20529486902,1
CAJAMARCA,20529626330,2
CAJAMARCA,20529698918,3
CAJAMARCA,20535757811,1
CAJAMARCA,20554659242,1
CAJAMARCA,20560107006,2
CAJAMARCA,20570531787,1
CAJAMARCA,20600044207,1
CAJAMARCA,20600381726,2
CAJAMARCA,20601116082,1
CAJAMARCA,20601473454,1
CAJAMARCA,20601525594,1
CAJAMARCA,20602340547,1
CALLAO,10086203753,1
CALLAO,10232487149,1
CALLAO,20173126345,1
CALLAO,20232650444,1
CALLAO,20261295246,2
CALLAO,20296637697,1
CALLAO,20335343701,2
CALLAO,20379560742,1
CALLAO,20451738284,1
CALLAO,20476423539,1
CALLAO,20478157976,2
CALLAO,20478169559,3
CALLAO,20486960401,1
CALLAO,20488351398,1
CALLAO,20489539137,1
CALLAO,20489665604,1
CALLAO,20491305542,1
CALLAO,20493043073,7
CALLAO,20496183011,1
CALLAO,20501581951,1
CALLAO,20503953839,1
CALLAO,20506003351,1
CALLAO,20507503889,1
CALLAO,20508794968,1
CALLAO,20511317038,1
CALLAO,20513051833,1
CALLAO,20516080206,3
CALLAO,20517623394,1
CALLAO,20521401703,2
CALLAO,20522385442,1
CALLAO,20525051782,1
CALLAO,20525089917,2
CALLAO,20534004185,1
CALLAO,20542560780,1
CALLAO,20543060918,2
CALLAO,20546240852,1
CALLAO,20547097069,1
CALLAO,20547896026,1
CALLAO,20552671628,1
CALLAO,20553453845,1
CALLAO,20553668027,1
CALLAO,20563329107,1
CALLAO,20571493374,2
CALLAO,20600655095,1
CALLAO,20601500648,1
CALLAO,20602181139,1
CALLAO,20602937934,1
CALLAO,20602979173,1
CALLAO,20603613474,2
CALLAO,20607284033,1
CUSCO,10004912557,1
CUSCO,10475851531,1
CUSCO,20210651706,1
CUSCO,20358000348,1
CUSCO,20399836213,1
CUSCO,20451624432,1
CUSCO,20452440912,1
CUSCO,20452677921,1
CUSCO,20490197771,1
CUSCO,20490348906,1
CUSCO,20490531425,1
CUSCO,20494299161,1
CUSCO,20523071042,1
CUSCO,20524375631,1
CUSCO,20525716342,2
CUSCO,20527109362,1
CUSCO,20527164207,1
CUSCO,20527739030,1
CUSCO,20527942773,1
CUSCO,20528003401,1
CUSCO,20528036164,1
CUSCO,20547097069,1
CUSCO,20564059171,1
CUSCO,20601338361,1
CUSCO,20601665591,1
CUSCO,20602318193,1
HUANCAVELICA,10410713506,3
HUANCAVELICA,20100364701,1
HUANCAVELICA,20101031854,1
HUANCAVELICA,20335343701,1
HUANCAVELICA,20392986601,1
HUANCAVELICA,20451961196,1
HUANCAVELICA,20452840775,1
HUANCAVELICA,20485878018,1
HUANCAVELICA,20486103079,2
HUANCAVELICA,20486132338,1
HUANCAVELICA,20486136830,2
HUANCAVELICA,20486290910,1
HUANCAVELICA,20486298147,1
HUANCAVELICA,20486354829,2
HUANCAVELICA,20486373297,1
HUANCAVELICA,20486397714,1
HUANCAVELICA,20486404273,2
HUANCAVELICA,20486572061,1
HUANCAVELICA,20486604876,1
HUANCAVELICA,20486625954,1
HUANCAVELICA,20486774445,1
HUANCAVELICA,20486815818,1
HUANCAVELICA,20486927888,1
HUANCAVELICA,20486960401,3
HUANCAVELICA,20486970465,2
HUANCAVELICA,20486974886,4
HUANCAVELICA,20486975939,1
HUANCAVELICA,20487064522,1
HUANCAVELICA,20487110141,1
HUANCAVELICA,20487181910,1
HUANCAVELICA,20494341973,4
HUANCAVELICA,20494665876,1
HUANCAVELICA,20494947774,2
HUANCAVELICA,20494951020,4
HUANCAVELICA,20495042333,1
HUANCAVELICA,20503865549,1
HUANCAVELICA,20506003351,1
HUANCAVELICA,20520970704,1
HUANCAVELICA,20529104988,1
HUANCAVELICA,20534839091,1
HUANCAVELICA,20541515195,1
HUANCAVELICA,20541517139,2
HUANCAVELICA,20541518372,1
HUANCAVELICA,20541578430,1
HUANCAVELICA,20543060918,1
HUANCAVELICA,20543764303,3
HUANCAVELICA,20548123888,1
HUANCAVELICA,20568112220,1
HUANCAVELICA,20568275013,1
HUANCAVELICA,20568339607,1
HUANCAVELICA,20568355041,6
HUANCAVELICA,20568394888,1
HUANCAVELICA,20568402732,1
HUANCAVELICA,20568459505,2
HUANCAVELICA,20568844671,1
HUANCAVELICA,20568960662,1
HUANCAVELICA,20574663246,1
HUANCAVELICA,20600112229,1
HUANCAVELICA,20600180771,3
HUANCAVELICA,20600223837,1
HUANCAVELICA,20600601891,1
HUANCAVELICA,20600659503,1
HUANCAVELICA,20600661966,1
HUANCAVELICA,20600977661,1
HUANCAVELICA,20601169941,1
HUANCAVELICA,20601480493,1
HUANCAVELICA,20601593476,1
HUANCAVELICA,20601714966,2
HUANCAVELICA,20603094302,1
HUANCAVELICA,20604152063,1
HUANCAVELICA,20604269009,1
HUANCAVELICA,20604315582,1
HUANCAVELICA,20605034684,1
HUANCAVELICA,20605487051,1
HUANCAVELICA,20606820993,1
HUANCAVELICA,20608145088,1
HUANCAVELICA,99000030216,1
HUANUCO,10805536867,7
HUANUCO,20226217003,1
HUANUCO,20227233321,1
HUANUCO,20392493671,1
HUANUCO,20393081776,3
HUANUCO,20393151812,1
HUANUCO,20393155648,1
HUANUCO,20393353105,5
HUANUCO,20408066281,1
HUANUCO,20445461084,1
HUANUCO,20445782476,1
HUANUCO,20447399840,1
HUANUCO,20455023417,1
HUANUCO,20482471995,1
HUANUCO,20482474587,1
HUANUCO,20486834529,7
HUANUCO,20486960401,1
HUANUCO,20486995450,1
HUANUCO,20489371791,5
HUANUCO,20489432413,2
HUANUCO,20489466741,1
HUANUCO,20489530261,2
HUANUCO,20489532981,5
HUANUCO,20489536979,7
HUANUCO,20489537274,1
HUANUCO,20489544998,2
HUANUCO,20489595045,4
HUANUCO,20489601541,1
HUANUCO,20489613558,2
HUANUCO,20489643627,1
HUANUCO,20489649587,1
HUANUCO,20489660122,1
HUANUCO,20489661951,2
HUANUCO,20489674000,1
HUANUCO,20489680310,1
HUANUCO,20489688647,2
HUANUCO,20489747244,9
HUANUCO,20492255981,1
HUANUCO,20494686369,1
HUANUCO,20495675611,2
HUANUCO,20505096721,1
HUANUCO,20506298301,1
HUANUCO,20510591829,8
HUANUCO,20516615088,1
HUANUCO,20523013603,2
HUANUCO,20527942773,1
HUANUCO,20528905197,3
HUANUCO,20528917951,1
HUANUCO,20528924493,2
HUANUCO,20528932321,1
HUANUCO,20528950494,5
HUANUCO,20529014211,1
HUANUCO,20529066521,2
HUANUCO,20529161353,1
HUANUCO,20529169842,1
HUANUCO,20529202998,1
HUANUCO,20529276843,1
HUANUCO,20529286997,2
HUANUCO,20530806341,1
HUANUCO,20530837816,1
HUANUCO,20531055722,2
HUANUCO,20531065019,1
HUANUCO,20533984992,1
HUANUCO,20534004185,1
HUANUCO,20534013508,2
HUANUCO,20542141116,1
HUANUCO,20542191059,3
HUANUCO,20542408562,3
HUANUCO,20542425653,1
HUANUCO,20542425904,3
HUANUCO,20542449081,1
HUANUCO,20542531097,2
HUANUCO,20542542021,1
HUANUCO,20542559854,1
HUANUCO,20547097069,1
HUANUCO,20565597958,1
HUANUCO,20571184151,1
HUANUCO,20573008414,1
HUANUCO,20573041977,1
HUANUCO,20573078897,3
HUANUCO,20573140959,2
HUANUCO,20573177879,1
HUANUCO,20573247249,1
HUANUCO,20573247591,1
HUANUCO,20573263104,1
HUANUCO,20573266201,1
HUANUCO,20573320779,2
HUANUCO,20573333081,2
HUANUCO,20600013255,1
HUANUCO,20600106351,1
HUANUCO,20600369319,2
HUANUCO,20600683650,1
HUANUCO,20601263158,2
HUANUCO,20601556791,1
HUANUCO,20601629641,2
HUANUCO,20601740631,1
HUANUCO,20601754259,1
HUANUCO,20602102727,2
HUANUCO,20602172571,2
HUANUCO,20602450881,1
HUANUCO,20602500463,1
HUANUCO,20602631258,2
HUANUCO,20602653138,1
HUANUCO,20602889191,1
HUANUCO,20603064101,2
HUANUCO,20603194676,1
HUANUCO,20603976275,1
HUANUCO,20604155755,1
HUANUCO,20604215502,1
HUANUCO,20604347778,1
HUANUCO,20604540764,1
HUANUCO,20604740968,1
HUANUCO,20605162925,1
HUANUCO,20605163841,1
HUANUCO,20605409041,1
HUANUCO,20606260106,1
HUANUCO,20606474254,1
HUANUCO,20606482435,1
HUANUCO,20608077163,2
HUANUCO,20610153021,1
HUANUCO,99000015250,1
ICA,20100136741,1
ICA,20261295246,1
ICA,20268887785,1
ICA,20367759551,4
ICA,20445575411,1
ICA,20452371414,2
ICA,20452457726,1
ICA,20452468418,2
ICA,20452808022,1
ICA,20485988468,1
ICA,20486753791,2
ICA,20494263484,3
ICA,20494633834,1
ICA,20494642582,1
ICA,20494951020,1
ICA,20495031137,1
ICA,20503981298,1
ICA,20504645046,1
ICA,20508326433,3
ICA,20510711824,1
ICA,20514444341,1
ICA,20517562158,2
ICA,20523386469,2
ICA,20527267511,1
ICA,20527479704,2
ICA,20531659075,1
ICA,20532002819,1
ICA,20534393572,1
ICA,20534500247,1
ICA,20534749008,1
ICA,20536704231,1
ICA,20537169207,2
ICA,20547282559,2
ICA,20600472233,2
ICA,20600689020,1
ICA,20602258395,1
ICA,20603476400,1
JUNIN,20101884407,1
JUNIN,20110614609,1
JUNIN,20232650444,1
JUNIN,20282062080,1
JUNIN,20351575574,2
JUNIN,20372366169,1
JUNIN,20377890117,1
JUNIN,20398613563,1
JUNIN,20402277689,1
JUNIN,20407412592,1
JUNIN,20438494171,1
JUNIN,20444927098,1
JUNIN,20452440912,1
JUNIN,20452526809,1
JUNIN,20461112227,1
JUNIN,20486439654,1
JUNIN,20486572061,1
JUNIN,20486573113,2
JUNIN,20486693283,1
JUNIN,20486774445,1
JUNIN,20486887568,1
JUNIN,20486960401,2
JUNIN,20486975939,1
JUNIN,20486988755,1
JUNIN,20486990229,1
JUNIN,20487181910,1
JUNIN,20487201457,1
JUNIN,20487274683,1
JUNIN,20487345025,1
JUNIN,20487499685,1
JUNIN,20487950301,1
JUNIN,20489517320,1
JUNIN,20489575362,1
JUNIN,20494257590,1
JUNIN,20494854172,3
JUNIN,20495042333,1
JUNIN,20501430669,1
JUNIN,20509186961,1
JUNIN,20511317038,1
JUNIN,20514014419,1
JUNIN,20514402346,1
JUNIN,20523070071,1
JUNIN,20528901361,1
JUNIN,20529104988,1
JUNIN,20529166151,1
JUNIN,20536612972,1
JUNIN,20536715518,1
JUNIN,20541462644,1
JUNIN,20546099220,1
JUNIN,20547097069,1
JUNIN,20548123888,1
JUNIN,2056337300,1
JUNIN,20568071876,1
JUNIN,20568112220,1
JUNIN,20568161786,1
JUNIN,20568223307,1
JUNIN,20568437528,1
JUNIN,20568535376,1
JUNIN,20568838352,2
JUNIN,20568986386,1
JUNIN,20568992351,1
JUNIN,20573907788,1
JUNIN,20574732400,2
JUNIN,20574750301,1
JUNIN,20600021045,1
JUNIN,20600192087,1
JUNIN,20600243226,1
JUNIN,20600540581,1
JUNIN,20600683650,1
JUNIN,20600696654,1
JUNIN,20601143021,1
JUNIN,20601317738,1
JUNIN,20601665183,1
JUNIN,20602262201,1
JUNIN,20602267491,1
JUNIN,20602371442,3
JUNIN,20602591701,1
JUNIN,20602979173,3
JUNIN,20603016743,1
JUNIN,20603476400,1
JUNIN,20603798075,1
JUNIN,20604269009,1
JUNIN,20604384002,1
JUNIN,20605273557,1
LA LIBERTAD,10266095029,1
LA LIBERTAD,10266854892,2
LA LIBERTAD,20101884407,1
LA LIBERTAD,20121907608,1
LA LIBERTAD,20134483611,1
LA LIBERTAD,20205328662,1
LA LIBERTAD,20326387593,2
LA LIBERTAD,20354444594,1
LA LIBERTAD,20355337619,1
LA LIBERTAD,20397595782,1
LA LIBERTAD,20453649840,1
LA LIBERTAD,20461642706,1
LA LIBERTAD,20477150242,1
LA LIBERTAD,20477304908,2
LA LIBERTAD,20477378693,1
LA LIBERTAD,20477458883,1
LA LIBERTAD,20477460357,1
LA LIBERTAD,20477617434,1
LA LIBERTAD,20481014612,1
LA LIBERTAD,20481066094,3
LA LIBERTAD,20481188955,1
LA LIBERTAD,20481249172,1
LA LIBERTAD,20481561265,2
LA LIBERTAD,20481605491,2
LA LIBERTAD,20481693170,1
LA LIBERTAD,20481700729,1
LA LIBERTAD,20481813841,1
LA LIBERTAD,20481871027,2
LA LIBERTAD,20481966672,3
LA LIBERTAD,20482021442,1
LA LIBERTAD,20482093354,1
LA LIBERTAD,20482206574,1
LA LIBERTAD,20482259856,2
LA LIBERTAD,20482261168,1
LA LIBERTAD,20482644253,1
LA LIBERTAD,20482840516,1
LA LIBERTAD,20482843299,1
LA LIBERTAD,20489304687,1
LA LIBERTAD,20495865747,1
LA LIBERTAD,20495934498,1
LA LIBERTAD,20501430669,2
LA LIBERTAD,20504553516,1
LA LIBERTAD,20511317038,2
LA LIBERTAD,20523386469,1
LA LIBERTAD,20529440074,1
LA LIBERTAD,20529656751,5
LA LIBERTAD,20529688017,2
LA LIBERTAD,20529698918,1
LA LIBERTAD,20530698433,3
LA LIBERTAD,20530954022,3
LA LIBERTAD,20531309091,1
LA LIBERTAD,20531750749,1
LA LIBERTAD,20537169207,1
LA LIBERTAD,20539094930,5
LA LIBERTAD,20539979885,1
LA LIBERTAD,20544771478,6
LA LIBERTAD,20559687643,1
LA LIBERTAD,20560076798,1
LA LIBERTAD,20600167571,1
LA LIBERTAD,20600357710,1
LA LIBERTAD,20601114870,1
LA LIBERTAD,20601226279,1
LA LIBERTAD,20601649161,1
LA LIBERTAD,20602206085,1
LA LIBERTAD,20602842330,1
LA LIBERTAD,20603089619,1
LA LIBERTAD,20603476400,2
LA LIBERTAD,20603716176,1
LA LIBERTAD,20606525690,1
LA LIBERTAD,99000027401,1
LA LIBERTAD,99000028271,1
LAMBAYEQUE,10098726701,1
LAMBAYEQUE,10166907271,2
LAMBAYEQUE,10266854892,1
LAMBAYEQUE,10273601398,1
LAMBAYEQUE,10421685253,1
LAMBAYEQUE,20134483611,1
LAMBAYEQUE,20230509353,2
LAMBAYEQUE,20326387593,1
LAMBAYEQUE,20339450197,1
LAMBAYEQUE,20348938704,1
LAMBAYEQUE,20353947614,3
LAMBAYEQUE,20396674361,1
LAMBAYEQUE,20397392164,1
LAMBAYEQUE,20409234462,1
LAMBAYEQUE,20445576060,1
LAMBAYEQUE,20448297382,1
LAMBAYEQUE,20453695957,1
LAMBAYEQUE,20477366172,1
LAMBAYEQUE,20479892998,1
LAMBAYEQUE,20480305991,1
LAMBAYEQUE,20480403496,3
LAMBAYEQUE,20480489196,1
LAMBAYEQUE,20480686692,1
LAMBAYEQUE,20480811004,1
LAMBAYEQUE,20481446326,1
LAMBAYEQUE,20481813841,1
LAMBAYEQUE,20487566897,2
LAMBAYEQUE,20487913791,2
LAMBAYEQUE,20487931854,1
LAMBAYEQUE,20487950301,2
LAMBAYEQUE,20487967964,2
LAMBAYEQUE,20488137639,3
LAMBAYEQUE,20501557227,1
LAMBAYEQUE,20501581951,1
LAMBAYEQUE,20505187521,1
LAMBAYEQUE,20505655215,1
LAMBAYEQUE,20509186961,1
LAMBAYEQUE,20521403587,1
LAMBAYEQUE,20526193513,1
LAMBAYEQUE,20529688017,1
LAMBAYEQUE,20539023323,1
LAMBAYEQUE,20539247353,1
LAMBAYEQUE,20545316561,2
LAMBAYEQUE,20545404851,1
LAMBAYEQUE,20561274968,3
LAMBAYEQUE,20568161786,1
LAMBAYEQUE,20600044207,1
LAMBAYEQUE,20601649161,1
LAMBAYEQUE,20601671531,2
LAMBAYEQUE,20602235352,1
LAMBAYEQUE,20602922368,2
LAMBAYEQUE,20603967055,2
LAMBAYEQUE,20605205501,1
LAMBAYEQUE,20605977449,1
LIMA,10076160312,1
LIMA,10103454731,3
LIMA,20119423695,1
LIMA,20121907608,1
LIMA,20231662244,2
LIMA,20260236611,1
LIMA,20266458089,1
LIMA,20393675480,1
LIMA,20403336069,2
LIMA,20407423446,2
LIMA,20407917104,4
LIMA,20408114943,1
LIMA,20408135517,1
LIMA,20445200019,3
LIMA,20445349322,1
LIMA,20452744890,1
LIMA,20478157976,1
LIMA,20488351398,1
LIMA,20489688990,1
LIMA,20491331543,1
LIMA,20494637074,1
LIMA,20494682703,1
LIMA,20494686369,1
LIMA,20508349301,1
LIMA,20509958875,2
LIMA,20510103450,1
LIMA,20516419572,2
LIMA,20521715716,1
LIMA,20523071042,1
LIMA,20523386469,4
LIMA,20528299688,1
LIMA,20529032464,1
LIMA,20530954022,1
LIMA,20531048432,1
LIMA,20531049838,1
LIMA,20531897251,1
LIMA,20532064768,1
LIMA,20533765506,1
LIMA,20533990615,1
LIMA,20534010151,2
LIMA,20534094079,2
LIMA,20534142227,1
LIMA,20534144432,1
LIMA,20536444905,3
LIMA,20536704231,1
LIMA,20536907930,2
LIMA,20541517139,1
LIMA,20541653156,2
LIMA,20542154366,3
LIMA,20545134536,1
LIMA,20545316561,1
LIMA,20549823565,2
LIMA,20554659242,1
LIMA,20556414123,1
LIMA,20557387421,1
LIMA,20571505488,1
LIMA,20574662517,1
LIMA,20600021045,1
LIMA,20600046218,1
LIMA,20600160347,1
LIMA,20600362161,4
LIMA,20600377818,1
LIMA,20600386981,1
LIMA,20600721179,2
LIMA,20601263158,1
LIMA,20601897661,2
LIMA,20601955165,1
LIMA,20602076882,2
LIMA,20602877095,1
LIMA,20603373945,1
LIMA,20603476400,1
LIMA,20603550677,4
LIMA,20604654531,1
LIMA,20604753539,1
LIMA,20607462403,1
LIMA,99000028831,1
LORETO,10053878488,1
LORETO,10078620370,1
LORETO,20103750963,2
LORETO,20103921288,5
LORETO,20230509353,1
LORETO,20351988143,2
LORETO,20352428648,1
LORETO,20392307045,1
LORETO,20393069644,1
LORETO,20393358247,1
LORETO,20393418321,1
LORETO,20393513587,1
LORETO,20393584336,1
LORETO,20393633990,13
LORETO,20393644509,2
LORETO,20393648831,1
LORETO,20393706628,1
LORETO,20393758423,1
LORETO,20393877431,2
LORETO,20445631265,1
LORETO,20445667618,1
LORETO,20450157008,1
LORETO,20450223582,1
LORETO,20450252418,1
LORETO,20450256243,1
LORETO,20450299139,1
LORETO,20450446701,1
LORETO,20450447774,1
LORETO,20451238630,1
LORETO,20451289382,2
LORETO,20451304527,1
LORETO,20451375548,3
LORETO,20451445937,2
LORETO,20480427913,1
LORETO,20480686692,1
LORETO,20488351398,1
LORETO,20489304687,1
LORETO,20489627770,1
LORETO,20489747244,1
LORETO,20493231236,2
LORETO,20493477405,1
LORETO,20493537742,9
LORETO,20493538633,1
LORETO,20493560302,2
LORETO,20493569865,1
LORETO,20493606736,2
LORETO,20493640322,1
LORETO,20493644824,2
LORETO,20493733096,1
LORETO,20493747399,2
LORETO,20493748018,2
LORETO,20493874587,9
LORETO,20494100429,1
LORETO,20501430669,1
LORETO,20501581951,1
LORETO,20505096721,1
LORETO,20523070071,1
LORETO,20528115897,11
LORETO,20528162895,3
LORETO,20528162976,1
LORETO,20528181334,4
LORETO,20528255982,6
LORETO,20528312455,1
LORETO,20528323571,1
LORETO,20528350462,2
LORETO,20528383808,3
LORETO,20528388869,4
LORETO,20528428755,1
LORETO,20528452541,1
LORETO,20528457691,2
LORETO,20528476300,3
LORETO,20528481991,2
LORETO,20529066521,1
LORETO,20529202998,1
LORETO,20529234504,1
LORETO,20531302321,2
LORETO,20531396635,4
LORETO,20533651918,1
LORETO,20541181556,4
LORETO,20541222503,2
LORETO,20541243250,1
LORETO,20541261401,1
LORETO,20541264338,1
LORETO,20542531097,1
LORETO,20567109578,1
LORETO,20567140220,6
LORETO,20567200737,1
LORETO,20567223605,3
LORETO,20567237061,6
LORETO,20567287247,1
LORETO,20571135885,1
LORETO,20572123228,3
LORETO,20572260217,1
LORETO,20572288901,1
LORETO,20600006968,1
LORETO,20600038282,1
LORETO,20600063074,1
LORETO,20600114965,1
LORETO,20600220609,1
LORETO,20600421353,1
LORETO,20600898800,1
LORETO,20601202574,1
LORETO,20601229049,1
LORETO,20601324491,1
LORETO,20601740797,3
LORETO,20602078788,1
LORETO,20602703119,1
LORETO,20603875576,1
LORETO,20604346011,1
LORETO,20606258837,1
LORETO,20607715425,1
LORETO,20608845934,1
MADRE DE DIOS,20450252418,2
MADRE DE DIOS,20450299139,2
MADRE DE DIOS,20489627770,1
MADRE DE DIOS,20492123057,1
MADRE DE DIOS,20600421353,1
MADRE DE DIOS,20605665196,1
MADRE DE DIOS,20606236892,1
MOQUEGUA,20412126913,2
MOQUEGUA,20447677831,1
MOQUEGUA,20494341973,1
MOQUEGUA,20601169941,1
PASCO,10091754857,1
PASCO,10103454731,1
PASCO,10805536867,1
PASCO,20107211480,1
PASCO,20288331996,1
PASCO,20319094815,1
PASCO,20344483702,1
PASCO,20419278875,1
PASCO,20419457290,1
PASCO,20450519783,1
PASCO,20456317376,1
PASCO,20477530665,1
PASCO,20486093847,1
PASCO,20486298147,1
PASCO,20486397714,1
PASCO,20486513137,2
PASCO,20486783606,1
PASCO,20486834529,1
PASCO,20486845725,1
PASCO,20486867290,1
PASCO,20486887568,1
PASCO,20486960401,1
PASCO,20486975939,1
PASCO,20486990903,1
PASCO,20486991381,1
PASCO,20487065502,1
PASCO,20487283755,1
PASCO,20487925617,1
PASCO,20489423775,1
PASCO,20489430399,1
PASCO,20489466741,2
PASCO,20489512794,1
PASCO,20489522242,1
PASCO,20489536979,4
PASCO,20489537274,3
PASCO,20489544998,3
PASCO,20489580285,1
PASCO,20489585325,2
PASCO,20489594235,3
PASCO,20489601541,1
PASCO,20489637571,1
PASCO,20489682363,4
PASCO,20489708346,1
PASCO,20489730864,1
PASCO,20489734185,4
PASCO,20489739900,3
PASCO,20489748054,1
PASCO,20510591829,2
PASCO,20511631760,4
PASCO,20514402346,1
PASCO,20515284177,3
PASCO,20517623394,2
PASCO,20528003401,1
PASCO,20528901361,3
PASCO,20528917951,4
PASCO,20528924221,1
PASCO,20528924493,1
PASCO,20528953086,1
PASCO,20528956000,1
PASCO,20529014211,1
PASCO,20529068655,2
PASCO,20529074388,1
PASCO,20529111259,1
PASCO,20529119667,1
PASCO,20529137720,2
PASCO,20529166151,2
PASCO,20529186429,1
PASCO,20529202998,3
PASCO,20529230851,3
PASCO,20529278625,1
PASCO,20529284609,1
PASCO,20533976540,2
PASCO,20534029927,1
PASCO,20537169207,1
PASCO,20539211162,1
PASCO,20539807162,1
PASCO,20541541439,2
PASCO,20541559214,1
PASCO,20542401479,1
PASCO,20542451735,1
PASCO,20542471337,1
PASCO,20542489627,1
PASCO,20542500531,1
PASCO,20542531097,2
PASCO,20542577836,3
PASCO,20547097069,1
PASCO,20551950990,1
PASCO,20552960816,1
PASCO,20568235810,1
PASCO,20568688105,1
PASCO,20568894180,1
PASCO,20568917147,1
PASCO,20569048916,1
PASCO,20571244153,3
PASCO,20571288363,1
PASCO,20573098731,3
PASCO,20573212020,1
PASCO,20600066839,1
PASCO,20600075102,1
PASCO,20600079493,1
PASCO,20600079787,2
PASCO,20600101791,1
PASCO,20600592786,1
PASCO,20600630963,2
PASCO,20600819331,2
PASCO,20600977661,1
PASCO,20601169941,1
PASCO,20601277078,1
PASCO,20601543738,1
PASCO,20601736048,1
PASCO,20601750555,1
PASCO,20603142633,1
PASCO,20603194676,1
PASCO,20604010781,1
PASCO,20604063290,3
PASCO,20604141673,1
PASCO,20604243221,2
PASCO,20604329206,1
PASCO,20604441103,1
PASCO,20604520062,2
PASCO,20604553947,2
PASCO,20604694621,1
PASCO,20604924651,1
PASCO,20604977411,1
PASCO,20606797533,1
PASCO,20608946889,1
PASCO,20609789621,1
PASCO,99000027401,2
PIURA,10036836569,1
PIURA,10098726701,1
PIURA,20101884407,1
PIURA,20102428197,1
PIURA,20275449751,1
PIURA,20353947614,1
PIURA,20357499691,3
PIURA,20426128803,1
PIURA,20439639700,1
PIURA,20440577947,1
PIURA,20445667618,1
PIURA,20477150242,2
PIURA,20477366172,1
PIURA,20477530665,2
PIURA,20479683728,1
PIURA,20481265704,1
PIURA,20481446326,2
PIURA,20481682135,1
PIURA,20482829113,1
PIURA,20483778075,1
PIURA,20483851171,1
PIURA,20484044644,1
PIURA,20488077717,1
PIURA,20491656761,1
PIURA,20525441220,1
PIURA,20525460950,1
PIURA,20525491677,3
PIURA,20525526721,1
PIURA,20525975950,2
PIURA,20525985751,1
PIURA,20526032854,1
PIURA,20526090111,3
PIURA,20526146191,3
PIURA,20526238398,1
PIURA,20526331762,4
PIURA,20526479247,1
PIURA,20528964878,1
PIURA,20530035671,2
PIURA,20530045553,1
PIURA,20530091075,3
PIURA,20530147127,1
PIURA,20530227406,1
PIURA,20537169207,1
PIURA,20600456467,1
PIURA,20600483715,2
PIURA,20600625498,1
PIURA,20600976037,1
PIURA,20601169941,1
PIURA,20602311857,1
PIURA,20602350364,1
PIURA,20602773133,1
PIURA,20603313357,1
PIURA,20603451326,1
PIURA,20605474960,1
PIURA,20605483039,1
PIURA,20606291729,1
PUNO,20232650444,1
PUNO,20384753125,1
PUNO,20447677831,1
PUNO,20447845211,1
PUNO,20448053599,2
PUNO,20448307523,1
PUNO,20448497047,1
PUNO,20448562396,2
PUNO,20461112227,1
PUNO,20486960401,1
PUNO,20542703483,1
PUNO,20601116082,1
PUNO,99000019646,1
PUNO,99000027401,1
SAN MARTIN,10053878488,1
SAN MARTIN,20378808767,1
SAN MARTIN,20392307045,1
SAN MARTIN,20393404532,1
SAN MARTIN,20393513587,1
SAN MARTIN,20450157008,1
SAN MARTIN,20450324184,1
SAN MARTIN,20450326713,2
SAN MARTIN,20450430537,1
SAN MARTIN,20450666735,1
SAN MARTIN,20489530261,2
SAN MARTIN,20489532981,1
SAN MARTIN,20490320301,1
SAN MARTIN,20493908660,1
SAN MARTIN,20494079713,1
SAN MARTIN,20494114217,1
SAN MARTIN,20529066521,1
SAN MARTIN,20562885031,1
SAN MARTIN,20572131913,1
SAN MARTIN,20572141986,1
SAN MARTIN,20600179714,1
SAN MARTIN,20600407491,1
SAN MARTIN,20601139457,1
SAN MARTIN,20602246516,1
SAN MARTIN,20603870973,1
SAN MARTIN,20604341150,1
TACNA,20133176404,1
TACNA,20164483895,2
TACNA,20191808241,2
TACNA,20198274705,2
TACNA,20447926645,1
TACNA,20448161723,1
TACNA,20448562396,1
TACNA,20452440912,1
TACNA,20455394741,1
TACNA,20489532981,3
TACNA,20491305542,1
TACNA,20498670777,1
TACNA,20521378531,1
TACNA,20532656347,1
TACNA,20533979727,1
TACNA,20601229049,1
TACNA,20601771641,3
TUMBES,20154727826,1
TUMBES,20367062283,2
TUMBES,20409211411,2
TUMBES,20409252363,2
TUMBES,20409285024,2
TUMBES,20409316868,1
TUMBES,20409339728,1
TUMBES,20409406182,2
TUMBES,20409408983,1
TUMBES,20409448187,1
TUMBES,20409487913,1
TUMBES,20479087360,1
TUMBES,20480061595,1
TUMBES,20480789408,1
TUMBES,20484033952,1
TUMBES,20487388697,1
TUMBES,20489532981,1
TUMBES,20525341438,2
TUMBES,20525413871,2
TUMBES,20525491677,1
TUMBES,20534158069,1
TUMBES,20542254158,1
TUMBES,20600560868,1
TUMBES,20601500494,1
UCAYALI,20352374963,1
UCAYALI,20393155648,1
UCAYALI,20393252848,1
UCAYALI,20393281279,1
UCAYALI,20393598710,1
UCAYALI,20393722747,1
UCAYALI,20489532981,1
UCAYALI,20603064101,1
